VENTA DE PRODUCTOS Y ARTICULOS PARA ESCUELA Y OFICINA,PAPELERIAS
VENTA DE PRODUCTOS Y ARTICULOS PARA ESCUELA Y OFICINA,PAPELERIAS-CAFES INTERNET
VENTA DE PRODUCTOS Y ARTICULOS PARA ESCUELA Y OFICINA,PAPELERIAS-MERCERIAS
SERVICIOS DE ESTETICA,SALON DE BELLEZA
SERVICIOS DE ESTETICA,SALONES DE UÃ‘AS
SERVICIOS DE ESTETICA,SPA
SERVICIOS DE ESTETICA,CENTROS DE DEPILACION
SERVICIOS DE ESTETICA,PELUQUERIAS
RESTAURANTE,FONDAS
RESTAURANTE,ROSTICERIAS
RESTAURANTE,HAMBURGUESAS
RESTAURANTE,ANTOJERIAS
RESTAURANTE,TAMALERIAS
RESTAURANTE,TAQUERIAS
RESTAURANTE,CARNITAS
RESTAURANTE,BARBACOAS
RESTAURANTE,MARISQUERIAS
RESTAURANTE,CEMITERIAS
RESTAURANTE,TORTERIAS
RESTAURANTE,CAFETERIAS
RESTAURANTE,PIZZERIAS
VENTA DE PRODUCTOS CARNICOS,POLLERIAS
VENTA DE PRODUCTOS CARNICOS,CARNICERIAS
VENTA DE PRODUCTOS CARNICOS,PESCADERIAS
COMERCIALIZADORAS,FERRETERIA
COMERCIALIZADORAS,JARCERIAS
COMERCIALIZADORAS,PINTURAS
COMERCIALIZADORAS,MATERIALES DE CONSTRUCION
COMERCIALIZADORAS,MATERIAL ELECTRICO
COMERCIALIZADORAS,PISOS Y AZULEJOS
COMERCIALIZADORAS,MATERIALES PARA DECORACION
COMERCIALIZADORAS,CENTROS DE SERVICIO PARA EQUIPOS DE JARDIN
COMERCIALIZADORAS,ARTICULOS DE LIMPIEZA
PANIFICACION Y TORTILLERIAS,PANADERIA
PANIFICACION Y TORTILLERIAS,TORTILLERIAS
PANIFICACION Y TORTILLERIAS,TORTILLAS DE HARINA
PANIFICACION Y TORTILLERIAS,PASTELERIAS
VENTA DE ABARROTES Y ARTICULOS DE PRIMERA NECESIDAD,ABARROTES
VENTA DE ABARROTES Y ARTICULOS DE PRIMERA NECESIDAD,SEMILLAS Y CHILES SECOS
VENTA DE ABARROTES Y ARTICULOS DE PRIMERA NECESIDAD,DULCERIAS
VENTA DE ABARROTES Y ARTICULOS DE PRIMERA NECESIDAD,CREMERIAS
VENTA DE ABARROTES Y ARTICULOS DE PRIMERA NECESIDAD,SALCHICONERIAS Y EMBUTIDOS
VENTA DE ABARROTES Y ARTICULOS DE PRIMERA NECESIDAD,MATERIAS PRIMAS
VENTA DE ABARROTES Y ARTICULOS DE PRIMERA NECESIDAD,DEPOSITOS DE REFRESCOS
VENTA DE ABARROTES Y ARTICULOS DE PRIMERA NECESIDAD,DEPOSITOS DE HUEVO
VENTA DE ABARROTES Y ARTICULOS DE PRIMERA NECESIDAD,DEPOSITOS DE CERVEZAS
VENTA DE ABARROTES Y ARTICULOS DE PRIMERA NECESIDAD,ABARROTERAS
VENTA DE ABARROTES Y ARTICULOS DE PRIMERA NECESIDAD,FORRAJES Y ALIMENTOS PARA ANIMALES
VENTA DE ABARROTES Y ARTICULOS DE PRIMERA NECESIDAD,VERDULERIAS
VENTA DE ABARROTES Y ARTICULOS DE PRIMERA NECESIDAD,FRUTERIAS
